,作品名,作者（作画）,原作者など,連載開始,連載終了,備考
0,作品名,作者（作画）,原作者など,連載開始,連載終了,備考
1,みきおとみきお/みきおとミキオ,ふしこ えふ ふしお/藤子・F・不二雄,－,1977.05.15[1],1977.11.15,－
2,はけるくん/バケルくん,ふしこ えふ ふしお/藤子・F・不二雄,－,1977.05.15[1],1978.09.15,『別冊コロコロコミック』に移動
3,いなかつへたいしよう/いなかっぺ大将,かわさき のほる/川崎のぼる,－,1977.05.15[1],1979.03.15,『別冊コロコロコミック』に移動
4,りとるきよしんくん/リトル巨人くん,うちやま まもる/内山まもる,－,1977.05.15[1],1986.03,第1部は1979.07まで、1984.04より第2部開始
5,ふしこふしおものかたりはむさらたくん/藤子不二雄物語 ハムサラダくん,よした たたし/吉田忠,－,1977.05.15[1],1980.07,－
6,とらえもんひやつか/ドラえもん百科,かたくら ようし/方倉陽二,－,1977.05.15[1],1981.04,－
7,ふしこふしおのまんかにゆうもん/藤子不二雄のまんが入門,かたくら ようし/方倉陽二 →しのだひでお,－,1977.05.15[1],1987.10,－
8,とらえもん/ドラえもん,ふしこ えふ ふしお/藤子・F・不二雄,－,1977.05.15[1],1995.08,2002.03で再開を発表。
9,とつけきいつへいくん/突撃いっぺいくん,ひやくた やすたか/ひゃくた保孝,－,1977.08.15,1978.01.15,－
10,にほんとうふつき/日本動物記,いいもり こういち/飯森広一,－,1977.08.15,1978.09.15,－
11,ほらふきとんひんしやん/ほらふきドンビンシャン,しよおし あきやま/ジョージ秋山,－,1978.01.15,1979.01.15,－
12,かんはれとんへ/がんばれ!ドンベ,はしもと みつお/はしもとみつお,－,1978.01.15,1980.07,－
13,こりほんくん/ゴリポン君,きと たもつ/キド・タモツ,－,1978.01.15,1981.09,－
14,あかんへえ/アカンベー,かたくら ようし/方倉陽二,－,1978.01.15,1983.03,－
15,さむらいくん/サムライくん,ひやくた やすたか/ひゃくた保孝,－,1978.03.15,1978.07.15,－
16,さうるとらまん/ザ・ウルトラマン,うちやま まもる/内山まもる,－,1978.03.15,1978.11.15,－
17,ちやるめらほん/チャルメラ・ボン,みや のふなお/宮のぶなお,－,1978.05.15,1978.07.15,－
18,はあまん/パーマン,ふしこ えふ ふしお/藤子・F・不二雄,－,1978.05.15,1984.11,－
19,おはけのきゆうたろう/オバケのQ太郎,ふしこ ふしお/藤子不二雄,－,1978.07.15,1986.10,－
20,とんまい/どんまい,ろくた のほる/六田登,－,1978.09.15,1979.03.15,－
21,ふるてか/ブルデカ,はまた よしみ/はまだよしみ,－,1978.09.15,1979.06,－
22,にほんほすさるてんいしまつものかたり/日本ボスザル伝 石松物語,いいもり こういち/飯森広一,－,1978.11.15,1979.03.15,－
23,しやあまねくん/ジャーマネくん,みや のふなお/宮のぶなお,－,1978.11.15,1979.06,－
24,ふしこふしおにつき/フジコフジオ日記,たなか みちあき/田中道明,－,1978.11.15,1980.03,－
25,えふわんきつと/F・1キッド,すかや みつる/すがやみつる,－,1979.01.15,1979.09,－
26,けんかはんはん/ケンカばんばん,のむら しんほ/のむらしんぼ,－,1979.01.15,1979.10,－
27,しんうるとらきようたいものかたり/新・ウルトラ兄弟物語,かたおか てつし/かたおか徹治,－,1979.01.15,1979.10,－
28,やきゆうむさし/野球ムサシ,うちやま まもる/内山まもる,－,1979.04,1979.06,－
29,はなとりゆう/花と龍,かわさき のほる/川崎のぼる,－,1979.04,1979.07,－
30,みらくるわん/ミラ・クル・1,ふしこ えふ ふしお/藤子・F・不二雄,－,1979.04,1979.12,－
31,これからとうふつえん/これから動物園,いいもり こういち/飯森広一,－,1979.04,1980.03,－
32,おしやまゆうれいくん/おじゃまユーレイくん,よしかわ すすむ/よしかわ進,－,1979.05,1981.10,－
33,めいたんていかけまん/名たんていカゲマン,やまね あおおに/山根あおおに,－,1979.06,1981.08,－
34,けえむせんたああらし/ゲームセンターあらし,すかや みつる/すがやみつる,－,1979.08,1983.10,－
35,とらえもんととらみちやん/ドラえもんとドラミちゃん,ふしこ えふ ふしお/藤子・F・不二雄,－,1979.09,1979.10,－
36,もえろくろはん/燃えろ!クロパン,うちやま まもる/内山まもる,－,1979.09,1981.03,－
37,あさりちやん/あさりちゃん,むろやま まゆみ/室山まゆみ,－,1979.09,1982.03,－
38,とらみちやんひみつふつく/ドラミちゃん ひみつBOOK,かたくら ようし/方倉陽二,－,1979.10,1979.12,－
39,さこりら/ザ・ゴリラ,さかおか のほる/坂丘のぼる,－,1979.10,1982.12,－
40,そふいいのてんせつ/ゾフィーの伝説,かたおか てつし/かたおか徹治,－,1979.12,1980.01,－
41,きんめたるりきし/金メダル力士,かつき かすよし/勝木一嘉,－,1979.12,1980.01,－
42,とらえもんのひたのきようりゆう/ドラえもん のび太の恐竜,ふしこ ふしお/藤子不二雄,－,1980.01,1980.03,－
43,とんてけえあろ/飛んでけ!エアロ,たなか てつお/田仲哲雄,－,1980.01,1980.07,－
44,うるとらきようたいものかたり/ウルトラ大戦争,かたおか てつし/かたおか徹治,－,1980.02,1980.04,－
45,りんくまん/リングマン,はまた よしみ/はまだよしみ,－,1980.02,1980.04,－
46,ちひとん/チビドン,あかつか ふしお/赤塚不二夫,－,1980.02,1981.03,－
47,ととろけいちはん/とどろけ!一番,のむら しんほ/のむらしんぼ,－,1980.02,1983.05,－
48,うしおやし/ウシおやじ,ふくなか ひろ/福永ヒロ,－,1980.03,1980.05,－
49,かいふつくん/怪物くん,ふしこ ふしお/藤子不二雄,－,1980.04,1982.12,－
50,うるとらまん80/ウルトラマン80,かたおか てつし/かたおか徹治,－,1980.05,1980.10,－
51,とんまいきゆうた/ドンマイ球太,かいつか ひろし/貝塚ひろし,－,1980.07,1980.08,－
52,きんめたるまん/金メダルマン,かつき かすよし/勝木一嘉,－,1980.07,1983.04,－
53,すけほおやろうあほろ/スケボー野郎 アポロ,あいかわ てつや/愛川てつや,ふるさわ いつせい/古沢一誠,1980.09,1980.10,－
54,とらえもんのひたのうちゆうかいたくし/ドラえもん のび太の宇宙開拓史,ふしこ ふしお/藤子不二雄,－,1980.09,1981.03,－
55,しえつたあうるふ/ジェッターウルフ,たなか てつお/田仲哲雄,－,1980.09,1981.03,－
56,つりはかたいしよう/釣りバカ大将,おうた こさく/桜多吾作,－,1980.10,1983.08,『別冊コロコロコミック』に移動
57,そふいいのたたかい/ゾフィーの戦い,かたおか てつし/かたおか徹治,－,1980.11,1981.03,－
58,ろほつたくん/ロボッ太くん,とりい かすよし/とりいかずよし,－,1981.01,1984.03,－
59,かいふつくんかいふつらんとへのしようたい/怪物くん 怪物ランドへの招待,ふしこ ふしお/藤子不二雄,－,1981.01,1981.03,－
60,めいけんたまこう/迷犬タマ公,たなか みちあき/田中道明,－,1981.03,1982.09,－
61,はなのきくちよ/花の菊千代,あかつか ふしお/赤塚不二夫,－,1981.04,1982.03,－
62,むつころうかゆく/ムツゴロウが征く,かわさき のほる/川崎のぼる,はた まさのり/畑正憲,1981.04,1985.02,－
63,あはれはやふさ/あばれ!隼,みねきし とおる/峰岸とおる,ふるさわ いつせい/古沢一誠,1981.04,1985.08,－
64,かいふつくんひやつか/怪物くん百科,かたくら ようし/方倉陽二 →さいとうはるお,－,1981.05,1981.11,－
65,たむいしんま/タムイ・シンマ,はちの やすひこ/はちのやすひこ,－,1981.06,1982.03,－
66,にしゆういちえもん/21エモン,ふしこ えふ ふしお/藤子・F・不二雄,－,1981.07,1981.08,－
67,とらえもんのひたのたいまきよう/ドラえもん のび太の大魔境,ふしこ ふしお/藤子不二雄,－,1981.09,1982.02,－
68,にんしやはつとりくん/忍者ハットリくん,ふしこ ふしお ええ/藤子不二雄Ⓐ,－,1981.10,1988.05,－
69,ちようしんきんたまん/超人キンタマン,たていし けいた/立石佳太,－,1981.11,1987.12,－
70,あいらふせんせい/愛ラブ先生,せん きよし/ぜんきよし,－,1981.12,1983.03,－
71,かいふつくんてえもんのけん/怪物くん デーモンの剣,ふしこ ふしお/藤子不二雄,－,1982.01,1982.03,－
72,はんはかはあると/パンパカパールド,さいとう えいいち/斉藤栄一,－,1982.04,1982.08,－
73,てつせんしむさし/鉄戦士ムサシ,なかい こう/永井豪,－,1982.04,1983.03,－
74,とらえもんのひたのかいていかんきしよう/ドラえもん のび太の海底鬼岩城,ふしこ ふしお/藤子不二雄,－,1982.08,1983.02,－
75,ふろれすつここんく/ぷろれすっ子ゴング,さいとう えいいち/斉藤栄一,－,1982.09,1983.01,－
76,せろよんきゆうた/ゼロヨンQ太,いけた しゆんいち/池田淳一,－,1982.09,1985.03,－
77,くわんはるてんか/ぐゎんばる殿下,たなか みちあき/田中道明,－,1982.10,1985.12,－
78,ふりんすめろん/ぷりんすメロン,よしかわ すすむ/よしかわ進,－,1982.12,1983.01,－
79,おいらこえもん/おいらゴエモン,とりうみ ひろし/とりうみひろし,－,1983.01,1983.03,－
80,おまかせみすたあはあかあ/おまかせMr.バーガー,おおはやし かおる/大林かおる,－,1983.01,1983.03,－
81,ろおらあほりすたいようけいし/ローラーポリス太陽刑事,ほしの りゆういち/ほしの竜一,ふるさわ いつせい/古沢一誠,1983.01,1984.03,－
82,ひまてしよおまわりくん/ひまで署オマワリくん,はちの やすひこ/はちのやすひこ,－,1983.02,1986.06,－
83,あおそられえさあ/青空レーサー,ほそい ゆうし/細井雄二,かかみ しようし/鏡丈二,1983.04,1983.05,－
84,ふらもてんさいえすはあたろう/プラモ天才エスパー太郎,さいとう えいいち/斉藤栄一,－,1983.04,1984.08,－
85,くまくますんすん/クマクマずんずん,かたくら ようし/方倉陽二,－,1983.04,1985.01,－
86,かいとうひつかまん/怪盗ピッカマン,かつき かすよし/勝木一嘉,－,1983.05,1984.03,－
87,おとことらころう/男トラゴロウ,のむら しんほ/のむらしんぼ,－,1983.05,1984.09,－
88,さるとひさつかあ/さるとびサッカー,ますたに たけし/ますたにたけし,－,1983.06,1983.11,－
89,らしこんほおい/ラジコンボーイ,おおはやし かおる/大林かおる,－,1983.06,1989.12,－
90,あほけんしやつきい/あほ拳ジャッキー,せん きよし/ぜんきよし,－,1983.08,1987.03,－
91,とらえもんのひたのまかいたいほうけん/ドラえもん のび太の魔界大冒険,ふしこ ふしお/藤子不二雄,－,1983.09,1984.02,－
92,ふろれすけいしおやしへんけい/プロレス刑事おやじ弁慶,おうた こさく/桜多吾作,－,1983.09,1984.03,－
93,ふらもせんしいさむ/プラモ戦士イサム,いわた かすひさ/岩田和久,きした やすし/岸田靖,1983.10,1984.03,－
94,おれはてんへい/おれは天平,すかや みつる/すがやみつる,－,1984.01,1984.06,－
95,おれちよろしゆう/おれ!チョロ獣,かつき かすよし/勝木一嘉,－,1984.04,1984.11,『別冊コロコロコミック』から移動
96,さんていいこうしえんふらこんたいさく/3D甲子園 プラコン大作,たかや けんし/たかや健二,－,1984.04,1985.03,－
97,とらこんけん/ドラゴン拳,こはやし たつよし/小林たつよし,－,1984.04,1985.12,『別冊コロコロコミック』から移動
98,かんはれねつけつしようねんたん/がんばれ!熱血少年団,なかい のりあき/ながいのりあき,－,1984.05,1984.08,－
99,にんしやはつとりくんわしししまる/忍者ハットリくん ワシ獅子丸!!,ふしこ ふしお ええ/藤子不二雄Ⓐ,－,1984.05,1984.11,－
100,らしこんきやのんほおる/ラジコンキャノンボール,すかや みつる/すがやみつる,－,1984.07,1984.08,－
101,とらえもんのひたのりとるすたあうおおす/ドラえもん のび太の宇宙小戦争,ふしこ ふしお/藤子不二雄,－,1984.08,1985.01,－
102,かせきつと/風キッド,すかや みつる/すがやみつる,－,1984.09,1985.03,－
103,としらせんせえ/ドジラセンセー,なかい こう/永井豪,－,1984.10,1985.08,－
104,そいと/ゾイド,おち よしひこ/おちよしひこ,－,1984.11,1984.12,－
105,ううはあくん/ウーパーくん,あすか あきお/あすかあきお,－,1984.11,1984.12,－
106,とくたあこつくん/Dr.ゴックン,のむら しんほ/のむらしんぼ,－,1984.11,1985.02,－
107,かんはれきつかあす/がんばれ!キッカーズ,なかい のりあき/ながいのりあき,－,1984.11,1989.03,－
108,にんしやはつとりくんふらすはあまんにんしやかいしゆうしつほうたいみらくるたまこ/忍者ハットリくん+パーマン 忍者怪獣ジッポウVSミラクル卵,ふしこ ふしお/藤子不二雄,－,1984.12,1985.03,－
109,ちしようさいきようのおとこかくとうおう/地上最強の男 格闘王,はらた くにちか/原田久仁信,－,1985.03,1985.04,－
110,ふあみこんろつきい/ファミコンロッキー,あさい もとゆき/あさいもとゆき,－,1985.03,1987.09,－
111,たいようけんせろ/太陽犬ゼロ,むうねんへい/Moo.念平,－,1985.04,1985.12,－
112,ふろこるふああさる/プロゴルファー猿,ふしこ ふしお ええ/藤子不二雄Ⓐ,－,1985.04,1988.12,『別冊コロコロコミック』から移動
113,つるひかはけまる/つるピカハゲ丸,のむら しんほ/のむらしんぼ,－,1985.04,1994.01,『別冊コロコロコミック』に移動
114,しんせろよんきゅうた/新ゼロヨンQ太,いけた しゆんいち/池田淳一,－,1985.05,1985.07,－
115,さうるふ/ザ・ウルフ,たかや けんし/たかや健二,－,1985.05,1985.09,－
116,とらえもんのひたとてつしんへいたん/ドラえもん のび太と鉄人兵団,ふしこ ふしお/藤子不二雄,－,1985.08,1986.01,－
117,てつしんたろう/鉄人タロウ,たかや けんし/たかや健二,－,1986.01,1986.05,－
118,にくせんしふたまん/肉戦士ブタマン,たまい たけし/玉井たけし,－,1986.01,1986.05,－
119,ひけんてんせつししおうてん/秘拳伝説 獅子王伝,こはやし たつよし/小林たつよし,－,1986.02,1987.05,『別冊コロコロコミック』に完結編を掲載
120,ねつけつふあみこんしようねんたん/熱血!ファミコン少年団,さいとう はるお/さいとうはるお,－,1986.02,1987.10,－
121,あまいそたんこ/あまいぞ!男吾,むうねんへい/Moo.念平,－,1986.03,1992.09,1988.3までが小学生編、1988.6以降が中学生編
122,ねつきゆうきつす/熱球キッズ,いわた かすひさ/岩田和久,－,1986.04,1986.06,－
123,ふあみこんらんなあたかはしめいしんものかたり/ファミコンランナー高橋名人物語,かわい かすよし/河合一慶,－,1986.04,1988.02,－
124,ちひれすくん/チビレスくん,たけむら よしひこ/竹村よしひこ,－,1986.05,1986.07,－
125,めいけいさつけんはあなあ/迷けいさつ犬バーナー,かわい しゆんし/河合じゅんじ,－,1986.05,1986.07,－
126,おほつちやまくん/おぼっちゃまくん,こはやし よしのり/小林よしのり,－,1986.05,1994.09,－
127,はわああつふかくれきやらまん/パワーアップ かくれキャラマン,たなか みちあき/田中道明,－,1986.06,1986.07,－
128,らいしんしやつく/雷神ジャック,いしかわ もりひこ/石川森彦,あかね こか/あかねこか,1986.07,1986.12,－
129,さいほおい/サイボーイ,うちやま まもる/内山まもる,くとう かすや/工藤かずや,1986.08,1986.12,－
130,まかいそんへえ/魔界ゾンべえ,たまい たけし/玉井たけし,－,1986.08,1988.05,－
131,あかひけしやれまる/赤ひげジャレ丸,たなか みちあき/田中道明,－,1986.09,1986.11,－
132,とらえもんのひたとりゆうのきし/ドラえもん のび太と竜の騎士,ふしこ ふしお/藤子不二雄,－,1986.11,1987.03,－
133,のんきくん/のんきくん,かたくら ようし/方倉陽二,－,1986.12,1988.09,－
134,ねつけんかんふうくらふ/熱拳カンフークラブ,うおと おさむ/魚戸おさむ,－,1987.01,1988.07,－
135,かつとひとうし/かっとび!童児,たかや けんし/たかや健二,ふるさわ いつせい/古沢一誠,1987.01,1990.01,1987.3までが第一部、1987.6以降が第二部
136,ひつくりまん/ビックリマン,たけむら よしひこ/竹村よしひこ,－,1987.01,1990.08,－
137,てかほつとBB/刑事ボット B.B,かしもと まなう/樫本学ヴ,－,1987.04,1987.06,－
138,えすはあまみ/エスパー魔美,ふしこ えふ ふしお/藤子・F・不二雄,－,1987.04,1988.04,－
139,かつとはせきよはらくん/かっとばせ!キヨハラくん,かわい しゆんし/河合じゅんじ,－,1987.06,1994.04,－
140,しようねんひつくりまんくらふ/少年ビックリマンクラブ,なかの ともひこ/なかのともひこ,－,1987.07,1988.09,－
141,かめんらいたあふらつく/仮面ライダーBLACK,こはやし たつよし/小林たつよし,いしのもり しようたろう/石ノ森章太郎,1987.10,1988.04,－
142,ころころこみつくまんかすくうる/コロコロコミックまんがスクール,しのた ひてお/しのだひでお,－,1987.11,1989.11,－
143,まんかちやれんし/まんがチャレンジ,しのた ひてお/しのだひでお,－,1987.11,1990.01,－
144,たつしゆよんくろう/ダッシュ!四駆郎,とくた さうるす/徳田ザウルス,－,1987.12,1991.04,1991.05からタイトルに『2』が追加
145,ほくらはとらこんしようねんたん/ぼくらはドラゴン少年団,かしもと まなう/樫本学ヴ,－,1988.01,1988.05,－
146,すけほおやろうあほろ/スケボー野郎 アポロ,あいかわ てつや/愛川てつや,ふるさわ いつせい/古沢一誠,1988.04,1989.03,－
147,とつこうそいとしようねんたい/特攻!!ゾイド少年隊,あおき たかお/青木たかお,－,1988.05,1989.04,『別冊コロコロコミック』から移動
148,にいはおきよんしいくん/你好キョンシーくん,さいとう えいいち/斉藤栄一,－,1988.05,1989.06,－
149,しんきてれつたいひやつか/新キテレツ大百科,たなか みちあき/田中道明,ふしこ えふ ふしお/藤子・F・不二雄,1988.05,1994.02,－
150,のほほんせんせい/のほほん先生,はちの やすひこ/はちのやすひこ,－,1988.06,1988.10,－
151,れいけんきよんへえ/霊幻キョンべえ,たまい たけし/玉井たけし,－,1988.07,1988.08,－
152,ひりけん/ビリ犬,ふしこ ふしお ええ/藤子不二雄Ⓐ,－,1988.07,1989.10,－
153,かんはれくわたくん/がんばれ!クワタくん,かわい しゆんし/河合じゅんじ,－,1988.08,1990.04,－
154,とらえもんのひたのにつほんたんしよう/ドラえもん のび太の日本誕生,ふしこ えふ ふしお/藤子・F・不二雄,－,1988.10,1989.03,－
155,うるとらかいしゆうかつとひらんと/ウルトラ怪獣かっとび!ランド,たまい たけし/玉井たけし,－,1988.10,1993.04,－
156,りとるこつふ/リトルコップ,こはやし たつよし/小林たつよし,－,1988.11,1991.04,－
157,それゆけたんこしゆく/それゆけ!男吾塾,むうねんへい/Moo.念平,－,1988.12,1992.06,－
158,うるとらかいしゆうよんこまおおわらいしよお/ウルトラ怪獣 4コマ大笑いショー,たまい たけし/玉井たけし,－,1989.03,1989.11,－
159,きみはおはきつとをみたか/君はオバキッドを見たか?!,たなか みちあき/田中道明,－,1989.04,1989.07,－
160,はくそうたつしゆくらふ/爆走!ダッシュクラブ,かしもと まなう/樫本学ヴ,－,1989.04,1989.12,－
161,さいきつとなそまる/サイキッド謎丸,かわい かすよし/河合一慶,－,1989.04,1990.08,－
162,こおこおみによんふあいたあ/GO!GO!ミニ四ファイター,おち よしひこ/おちよしひこ,－,1989.04,1991.04,－
163,とんまいこうしえん/ドンマイ甲子園,なかい のりあき/ながいのりあき,－,1989.05,1989.10,－
164,とらえもんひやつか/ドラえもん百科,にした まさき/西田真基,－,1989.07,1990.04,－
165,まかいとつにゆうらいおうまるものかたり/魔界突入!!雷王丸物語,あおき たかお/青木たかお,みすたに けんのすけ/水谷謙之介,1989.08,1990.01,途中で『魔神英雄伝ワタル外伝 魔界突入物語』に改題
166,とらえもんのひたとあにまるふらねつと/ドラえもん のび太とアニマル惑星,ふしこ えふ ふしお/藤子・F・不二雄,－,1989.10,1990.03,－
167,ほのおのとうきゆうしとつしたんへい/炎の闘球児 ドッジ弾平,こした てつひろ/こしたてつひろ,－,1989.11,1995.06,－
168,うるとらかいしゆうかつとひらんとうるとらこいんてんせつ/ウルトラ怪獣かっとび!ランド ウルトラコイン伝説,たまい たけし/玉井たけし,－,1989.12,1990.01,－
169,とつけきけえむほおい/突撃!ゲームボーイ,こいし さとし/こいしさとし,－,1989.12,1990.10,連載初期は「小石諭」表記だった。
170,こみつくうおおす/コミックウォーズ,あすか あきお/あすかあきお,いとう せいこう/いとうせいこう （企画・構成）,1990.02,1990.11,読者参加型の企画漫画
171,ましんえいゆうてんわたる2ましんかいはつたいけつせん/魔神英雄伝ワタル2 魔神開発大決戦,あおき たかお/青木たかお,－,1990.02,1991.01,－
172,それゆけけえむほおいたんけんたい/それゆけ!ゲームボーイ探検隊,たていし けいた/立石佳太,－,1990.02,1991.04,－
173,えとつこほおいかつてんたすけ/江戸っ子ボーイ がってん太助,かしもと まなう/樫本学ヴ,－,1990.03,1991.06,－
174,はろてんえいゆうけきしよう/パロ伝英雄劇場,あいは よたろう/相庭よた郎,－,1990.04,1990.08,－
175,らしこんりつきい/ラジコンリッキー,おおはやし かおる/大林かおる,－,1990.04,1991.04,－
176,ろほきゆう/ロボQ,ほその ふしひこ/細野不二彦,－,1990.05,1990.09,－
177,やつたせくわたくん/やったぜ!クワタくん,かわい しゆんし/河合じゅんじ,－,1990.05,1991.05,－
178,きゆうせいしゆらつきよう/救世主ラッキョウ,こはやし よしのり/小林よしのり,－,1990.06,1990.09,－
179,とらえもんのひたのとらひあんないと/ドラえもん のび太のドラビアンナイト,ふしこ えふ ふしお/藤子・F・不二雄,－,1990.09,1991.02,－
180,とすこいささにしき/どすこい!ササニシキ,たていし けいた/立石佳太,－,1990.11,1990.12,－
181,ほのほのきようりゆうちらのくん/ほのぼの恐竜チラノくん,のむら しんほ/のむらしんぼ,－,1990.11,1991.05,－
182,からくりけんこうてんむさしろおと/からくり剣豪伝ムサシロード,あなくほ こうさく/穴久保幸作,－,1990.11,1991.09,－
183,てんのうほおい/電脳ボーイ,なかい のりあき/ながいのりあき,－,1990.11,1993.02,－
184,すうはあまりおくん/スーパーマリオくん,さわた ゆきお/沢田ユキオ,－,1990.11,5000、ソート用連載中,－
185,ましんはすたあたいようまる/マシンバスター太陽丸,いつけい かわい/イッケイカワイ,－,1991.03,1991.08,－
186,わあおけんちやん/わ〜お!ケンちゃん,たけむら よしひこ/竹村よしひこ,－,1991.03,1994.11,初連載時「元気いっぱいシムラくん」
187,それゆけけえむほおいたんけんたいつうすうはあふあみこんたんけんたい/それゆけ!ゲームボーイ探検隊II スーパーファミコン探検隊,たけいし けいた/立石佳太,－,1991.05,1991.06,－
188,はくそうああるしいかあえふわんほおい/爆走RCカー F-1ボーイ,たなか てつお/たなかてつお,－,1991.05,1991.12,－
189,たつしゆよんくろう2/ダッシュ!四駆郎2,とくた さうるす/徳田ザウルス,－,1991.05,1992.03,『別冊コロコロコミック』に完結編を掲載
190,わんわんはらたいす/わんわんパラダイス,うえた えつ/上田悦,－,1991.05,1992.04,－
191,おれはあくまたてひるまんくん/オレは悪魔だ デビルマンくん,まきむら たたし/槙村ただし,－,1991.06,1992.02,－
192,にんしやほおいあはれにんまる/ニンジャBOY あばれ!忍丸,きくち ももたろお/菊池モモタロー,とみた すけひろ/富田祐弘,1991.06,1992.03,－
193,ちえはあちやんのちえふくろ/チエばーちゃんの知恵ブクロ,はしくち たかし/橋口隆志,－,1991.08,1995.10,－
194,れいかいきようしつ/霊界教室,あおき たかお/青木たかお,－,1991.10,1992.01,『別冊コロコロコミック』に移動
195,ころころけんたまくらふふりけんほおる/コロコロケン玉クラブ フリケンボール,ひかわ ひろかす/ひかわ博一,－,1991.10,1992.02,－
196,とらえもんのひたとくものおうこく/ドラえもん のび太と雲の王国,ふしこ えふ ふしお/藤子・F・不二雄,－,1991.10,1992.03,－
197,おこつちやまくん/おこっちゃまくん,こはやし よしのり/小林よしのり,－,1991.10,1994.05,－
198,おれはおとこたくにおくん/おれは男だ!くにおくん,あなくほ こうさく/穴久保幸作,－,1991.10,1996.08,－
199,おほつちやまくんちやまVSちやまかけちやまのきやくしゆう/おぼっちゃまくん 茶魔VS茶魔!影茶魔の逆襲,こはやし よしのり/小林よしのり,－,1991.11,1991.12,－
200,すうはあひつくりまん/スーパービックリマン,おち よしひこ/おちよしひこ,－,1991.11,1993.04,『別冊コロコロコミック』から移動
201,かいきけいさつさいほりす/怪奇警察サイポリス,うえやま みちろう/上山道郎,－,1992.01,1995.07,『別冊コロコロコミック』から移動
202,かめんらいたあえすていいしつふうてんせつ/仮面ライダーSD 疾風伝説,かとう ひろし/かとうひろし,いしのもり しようたろう/石ノ森章太郎,1992.02,1993.05,－
203,てつしんにしゆうはちこうくん/鉄人28号くん,たていし けいた よこやま みつてる/立石佳太 横山光輝,－,1992.02,1992.06,－
204,ふりけんりゆう/フリケン龍,みたか こういち/三鷹公一,－,1992.03,1992.09,－
205,いなかおうちようさく/いなか王兆作,こはやし よしのり/小林よしのり,－,1992.04,1993.06,－
206,はあこおとふあいたあ/バーコードファイター,おの としひろ/小野敏洋,－,1992.04,1994.07,－
207,あらしのしえいほおいふつとひふあいと/嵐のJボーイ ぶっとび闘人,かしもと まなう/樫本学ヴ,－,1992.04,1995.06,－
208,おほつちやまくんしゆうこおこさまひようりゆうきせつかいのちきゆうおう/おぼっちゃまくん 十五お子様漂流記 絶海の地球王,こはやし よしのり/小林よしのり,－,1992.06,1992.07,－
209,ろほちよいええ/ロボチョイA,なかい こう たいなみつくふろ/永井豪 ダイナミックプロ,－,1992.06,1993.07,－
210,とらえもんのひたとふりきのらひりんす/ドラえもん のび太とブリキの迷宮,ふしこ えふ ふしお/藤子・F・不二雄,－,1992.09,1993.03,－
211,けんへいふううんししのひのわかたかまる/源平風雲児 忍の若貴丸,ほんしようけい/本庄敬,とみた すけひろ/富田祐弘,1992.10,1993.07,－
212,なんしやにんしやもんしやくん/ナンジャ忍者!もんじゃくん,たまい たけし/玉井たけし,－,1992.12,1994.11,『別冊コロコロコミック』から移動
213,はんしゆくえいゆう/半熟英雄,おち よしひこ/おちよしひこ,－,1993.01,1993.11,－
214,すとつうはくしようよんこまきやくかいてん/ストII爆笑!!4コマギャグ外伝,はしくち たかし/橋口隆志,－,1993.03,1996.04,『別冊コロコロコミック』から移動
215,えすはあくす/エスパークス,やました たかひろ/山下高弘,そや/征矢浩志,1993.04,1994.02,－
216,かせのれえさあおとこき/風のレーサー侠,とくた さうるす/徳田ザウルス,－,1993.05,1993.09,－
217,おほつちやまくんちやまVSめかちやま/おぼっちゃまくん 茶魔VSメカ茶魔,こはやし よしのり/小林よしのり,－,1993.07,1993.08,－
218,とらくきようりゆうけん/ドラグ恐竜剣,なかい こう たいなみつくふろ/永井豪 ダイナミックプロ,－,1993.08,1994.04,－
219,やつたねらもすくん/やったね!ラモズくん,かしもと まなう/樫本学ヴ,－,1993.08,1998.02,－
220,とらえもんのひたとむけんさんけんし/ドラえもん のび太と夢幻三剣士,ふしこ えふ ふしお/藤子・F・不二雄,－,1993.09,1994.03,－
221,すうはあほんはあまん/スーパーボンバーマン,むさしの あつし/むさしのあつし,－,1993.09,2002.09,『別冊コロコロコミック』に移動
222,あつかんへえた/あっかんべー太,むうねんへい/Moo.念平,－,1993.10,1994.06,－
223,やまとたける/ヤマトタケル,たかや けんし/たかや健二,みむら わたる/三村渉,1993.12,1994.09,－
224,かけきへいひいはあふうあかちん/かげきベイビー バーブー赤ちん,のむら しんほ/のむらしんぼ,－,1993.12,1996.08,－
225,うめほしてんか/ウメ星デンカ,ふしこ えふ ふしお/藤子・F・不二雄,－,1994.01,1994.03,－
226,まんかてわかるかあとのひみつしえいりいくかあとのなそ/まんがでわかるカードの秘密!?Jリーグカードの謎,むさしの あつし/むさしのあつし,－,1994.02,1995.03,－
227,おほつちやまくんうちゆうかそくおほうおほつちやうおおす/おぼっちゃまくん 宇宙家族お坊 おぼっちゃウォーズ,こはやし よしのり/小林よしのり,－,1994.03,1994.05,－
228,たたしいゆうふおおかめんやきそはん/正しい!?UFO仮面ヤキソバン,あまこし ええすけ/天越え〜すけ,－,1994.03,1994.06,－
229,みらくるとらくる/みらくるドラクル,まえた のえみ/前田のえみ,－,1994.03,1996.10,－
230,わあるとひいろおすけきとうえいゆうてん/ワールドヒーローズ 激闘英雄伝,かとう ひろし/かとうひろし,－,1994.04,1995.05,『別冊コロコロコミック』から移動
231,ほしのかあひいててててふふふなものかたり/星のカービィ デデデでプププなものがたり,ひかわ ひろかす/ひかわ博一,－,1994.05,2006.11,－
232,ちようしんすとらいかあふらひお11/超人ストライカー ブラビオ11,いまか しゆん/今賀俊,－,1994.06,1994.07,『別冊コロコロコミック』から移動
233,ちようけんしんちようによつへえくん/超原人 超にょっへーくん,たた いま/多田いま,－,1994.06,1995.01,－
234,かろうてんせつすへしやる/餓狼伝説スペシャル,やました たかひろ/山下高弘,－,1994.06,1995.02,『別冊コロコロコミック』から移動
235,とらえもんからはせいからきたおとこ/ドラえもん ガラパ星から来た男,ふしこ えふ ふしお/藤子・F・不二雄,－,1994.07,1994.09,－
236,はくそうきようたいれつつえんとこお/爆走兄弟レッツ&ゴー!!,こした てつひろ/こしたてつひろ,－,1994.07,1997.11,－
237,てんしんふあうすと/電人ファウスト,うえやま てつろう/上山徹郎,－,1994.08,1995.03,－
238,けえむのてつしん/ゲームの鉄人,なかにし さなえ/中西早苗,－,1994.08,1995.07,－
239,とらえもんのひたのそうせいにつき/ドラえもん のび太の創世日記,ふしこ えふ ふしお/藤子・F・不二雄,－,1994.09,1995.03,－
240,こおこおこしらつまついくん/ゴーゴー!ゴジラッ!!マツイくん,かわい しゆんし/河合じゅんじ,－,1994.09,2003.03,－
241,すうはあももたろうでんてつすりいきんくほんひいたよおん/スーパー桃太郎電鉄III キングボンビーだよ〜ん!!!,まつむら つとむ/松村努,－,1994.10,1995.07,－
242,まくろすせふんはるきりいろつく/マクロス7 バルキリーロック,おち よしひこ/おちよしひこ,－,1994.11,1995.03,－
243,とつけききしやしゆつほつほくん/突撃記者シュッポッポくん,たまい たけし/玉井たけし,－,1994.12,1995.02,－
244,すくうふわいとしようかくえん/すくーぷ?!ワイド笑学園,たけむら よしひこ/竹村よしひこ,－,1994.12,1995.07,－
245,うほうほとんきいくん/ウホウホドンキーくん,すとう ゆみこ/須藤ゆみこ,－,1995.01,1997.10,『別冊コロコロコミック』に移動
246,はにつくほんはあよんこまけきしよう/ぱにっくボンバー 4コマ劇場,むさしの あつし/むさしのあつし,－,1995.02,1995.04,－
247,ふらもかいそうふとうてんかんきつと/プラモ改造武闘伝 ガン☆キッド,たにかみ としお/谷上俊夫,－,1995.04,1995.09,－
248,かいそうせんしやとかりくん/貝造戦士ヤドカリくん,おの としひろ/小野敏洋,－,1995.04,1995.10,－
249,とらえもんけえむこみつくさとらえもんす/ドラえもんゲームコミック ザ☆ドラえもんズ,たなか みちあき/田中道明,ふしこ えふ ふしお/藤子・F・不二雄,1995.04,1997.09,『別冊コロコロコミック』に移動
250,みによんふあいたあふい/ミニ四ファイターV,あおき たかお/青木たかお,－,1995.04,1998.12,－
251,せいてんすとりいとふあいたあつうふい/正伝ストリートファイターIIV,さかい たかゆき/坂井孝行,－,1995.05,1995.12,－
252,ちようけんしん2よんこまけきしよう/超原人2 4コマ劇場,ひかわ ひろかす/ひかわ博一,－,1995.06,1995.08,－
253,うるとらかいしゆうかつとひくれえと/ウルトラ怪獣 かっとび!グレート,たまい たけし/玉井たけし,－,1995.06,1995.11,－
254,ひんこ/BiNGO!,まつむら つとむ/松村努,－,1995.08,1997.11,－
255,とらえもんのひたときんかえくすふれす/ドラえもん のび太と銀河超特急,ふしこ えふ ふしお/藤子・F・不二雄,－,1995.09,1996.02,－
256,とれみふあんたしいみろんのときときたいほうけんわくわくよんこまきやくにつき/ドレミファンタジー ミロンのドキドキ大冒険 ワクワク4コマギャグ日記,ひかわ ひろかす/ひかわ博一,－,1995.09,1996.03,－
257,うちゆうふれんともしやこう/宇宙フレンド モジャ公,まさひと/MASAHITO,ふしこ えふ ふしお/藤子・F・不二雄,1995.09,1996.04,『別冊コロコロコミック』に移動
258,かつきゆうおうやまさき/学級王ヤマザキ,かしもと まなう/樫本学ヴ,－,1995.09,2001.02,－
259,はくきゆうれんはつすうはあひいたまん/爆球連発!!スーパービーダマン,いまか しゆん/今賀俊,－,1995.09,2001.12,－
260,さいふああ/サイファー,かとう ひろし/かとうひろし,－,1995.10,1996.08,－
261,すうはあももたろうてんてつてらつくすよんこまはくしようえくすふれす/スーパー桃太郎電鉄DX 4コマ爆笑EXPRESS,ひかわ ひろかす/ひかわ博一,－,1995.11,1996.01,－
262,はあちやふあいたあ/バーチャファイター,ひりいたちはな/ビリー・タチバナ,－,1996.01,1996.05,－
263,らんほさはいはあそにつくほおい/LAMPO-THE HYPERSONIC BOY-,うえやま てつろう/上山徹郎,－,1996.01,1996.08,『別冊コロコロコミック』に移動
264,てつこうとうきかいら/鉄鋼闘機ガイラ,うえやま みちろう/上山道郎,－,1996.03,1996.12,－
265,ちようねんしやたんていたんれいかいねんしやいつはつくん/超念写探偵団 霊怪念写!イッパツくん,たまい たけし/玉井たけし,－,1996.04,1996.12,－
266,さいしんとらえもんひみつひやつか/最新ドラえもんひみつ百科,みたに ゆきひろ/三谷幸広,ふしこ えふ ふしお/藤子・F・不二雄,1996.04,1999.05,－
267,ほほろくろいすものかたりひえとろおうしのたいほうけん/ポポロクロイス物語 ピエトロ王子の大冒険,ひりいたちはな/ビリー・タチバナ,－,1996.06,1996.07,－
268,ひみつけいさつほおむす/秘密警察ホームズ,いぬき えいし/犬木栄治,たてかみ あつし/立神敦,1996.07,1999.04,－
269,とらえもんのひたのねしまきしていいほうけんき/ドラえもん のび太のねじ巻き都市冒険記,ふしこふろ/藤子プロ,－,1996.09,1997.03,－
270,ほけつともんすたあ/ポケットモンスター,あなくほ こうさく/穴久保幸作,－,1996.09,5000、ソート用連載中,『別冊コロコロコミック』から移動
271,もくらあにや/モグラ〜ニャ,やました たかひろ/やましたたかひろ,－,1996.10,1996.11,－
272,ちようしやらいていいん/超者ライディーン,さかい たかゆき/坂井孝行,－,1996.10,1997.06,－
273,はるかなるこうしえんかけろおおそら/はるかなる甲子園 駆けろ!大空,かとう ひろし/かとうひろし,－,1996.10,1998.03,－
274,すうはあふいつしんくくらんたあむさし/スーパーフィッシング グランダー武蔵,てしろき たかし/てしろぎたかし,ふしもと のふゆき/藤本信行,1996.11,1998.01,－
275,ほつとけこしそうくん/ほっとけ!コジゾウくん,のむら しんほ/のむらしんぼ,－,1996.12,1998.06,－
276,まつはこおこおこお/マッハGOGOGO!,たにかみ としお/谷上俊夫,－,1997.01,1997.10,－
277,ろほつとほりすこよおたくん/ろぼっとポリスゴヨーダくん,たまい たけし/玉井たけし,－,1997.01,1998.06,－
278,まんかてはつけんたまこつち/まんがで発見!たまごっち,ことう ひてき/後藤英貴,－,1997.08,1999.04,－
279,とらえもんのひたのなんかいたいほうけん/ドラえもん のび太の南海大冒険,ふしこふろ/藤子プロ,－,1997.10,1998.03,－
280,ちようましんえいゆうてんわたる/超魔神英雄伝ワタル,みたか こういち/三鷹公一,－,1997.10,1998.03,－
281,まとうてんしうんほこ/魔動天使うんポコ,えかわ たつや/江川達也,－,1997.10,1999.08,『別冊コロコロコミック』から移動
282,くらつしゆはんていくうたんすてしやんふなたいほうけん/クラッシュ・バンディクー ダンス!でジャンプ!な大冒険,かわしま あり/川嶋亜理,－,1997.11,1999.02,－
283,ちようそくすひなあ/超速スピナー,はしくち たかし/橋口隆志,－,1997.12,2000.08,－
284,はくそうきようたいれつつえんとこおまつくす/爆走兄弟レッツ&ゴー!!MAX,こした てつひろ/こしたてつひろ,－,1998.01,1999.10,－
285,すうはあふいつしんくくらんたあむさしれほりゆうしよん/スーパーフィッシング グランダー武蔵RV,てしろき たかし/てしろぎたかし,ふしもと のふゆき/藤本信行,1998.02,1999.06,－
286,よしもとむちつこものかたり/ヨシモトムチッ子物語,かしもと まなう/樫本学ヴ,－,1998.03,2000.04,－
287,えふわんたいかあてんせつたかきとらのすけ/F-1タイガー伝説 高木虎之助,あおき たかお/青木たかお,－,1998.04,1998.05,－
288,ほくみにとらえもん/ぼく!ミニドラえもん,はきわら しんいち/萩原伸一,ふしこ えふ ふしお/藤子・F・不二雄,1998.05,1998.08,－
289,ほのおのしゆこしんかわくちよしかつものかたり/炎の守護神 川口能活物語,かとう ひろし/かとうひろし,－,1998.06,1998.07,－
290,しむむらたのるああてふいつしゆ/JIM村田のルアーでフィッシュ,おきの ひとし/おぎのひとし,むらた はしめ/村田基,1998.06,1998.08,－
291,ふおけつとはみりい/プォケットハミリー,ひよこたん/ピョコタン,－,1998.07,1998.12,－
292,とすこいさいほん/どすこい!サイぼん,のむら しんほ/のむらしんぼ,－,1998.08,1999.05,－
293,かなりももたろう/かなり桃たろう,たまい たけし/玉井たけし,－,1998.08,1999.06,－
294,ちよこほのふしきものかたり/チョコボのふしぎものがたり,かとう ひろし/かとうひろし,－,1998.08,2001.01,－
295,うちゆうしんたなかたろう/うちゅう人 田中太郎,なかとし やすなり/ながとしやすなり,－,1998.08,2004.09,－
296,とらえもんのひたのうちゆうひようりゆうき/ドラえもん のび太の宇宙漂流記,ふしこふろ/藤子プロ,－,1998.10,1999.03,－
297,すもおるそるしやあす/スモール・ソルジャーズ,うえやま みちろう/上山道郎,－,1998.11,1999.01,－
298,はくそうせんきめたるうおおかあ/爆走戦記メタルウォーカー,あおき たかお/青木たかお,－,1999.02,1999.03,『別冊コロコロコミック』に移動
299,けえわんたいなまいと/K-1 ダイナマイト,さかい たかゆき/坂井孝行,いしい かすよし/石井和義（監修）,1999.03,2002.02,－
300,くるつとよおかいさあ/ぐるっとヨーカイザー,まつむら つとむ/松村努,－,1999.04,1999.09,－
301,はひふへつと/PaPiPuペット,ひめの かけまる/姫野かげまる,－,1999.04,2000.02,『別冊コロコロコミック』に移動
302,くらつしゆはんていくうかつとひすひんわあると/クラッシュバンディクー かっとび!スピンワールド,ことう ひてき/後藤英貴,－,1999.04,2001.02,『別冊コロコロコミック』に移動
303,てゆえるますたあす/デュエル・マスターズ,まつもと しけのふ/松本しげのぶ,－,1999.05,2005.03,－
304,きしゆうしんせいきそいと/機獣新世紀ZOIDS,うえやま みちろう/上山道郎,－,1999.06,2001.10,－
305,さるけつちゆうきうきたいさくせん/サルゲッチュ ウキウキ大作戦!,ことう ひてき/後藤英貴,－,1999.06,2011.10,－
306,すたあうおおすえひそおとわんふあんとむめなす/スター・ウォーズ エピソード1/ファントム・メナス,あさみや きあ/麻宮騎亜,－,1999.07,1999.08,－
307,すうはあふいつしんくくらんたあむさしえくすふろおしよん/スーパーフィッシング グランダー武蔵EX,てしろき たかし/てしろぎたかし,ふしもと のふゆき/藤本信行,1999.07,2000.02,－
308,ひつくりまんにせん/ビックリマン2000,いぬき えいし/犬木栄治,－,1999.07,2001.09,－
309,とんきいこんく/ドンキーコング,ひしおか まこと/ひじおか誠,－,1999.09,2000.07,『別冊コロコロコミック』に移動
310,はくてんしゆうとへいふれえと/爆転シュート ベイブレード,あおき たかお/青木たかお,－,1999.09,2004.07,－
311,とらえもんのひたのたいようおうてんせつ/ドラえもん のび太の太陽王伝説,ふしこふろ/藤子プロ,－,1999.10,2000.03,－
312,なそなそかいしんそなあくん/なぞなぞ怪人ゾナーくん,たまい たけし/玉井たけし,－,1999.10,2001.05,『別冊コロコロコミック』から移動
313,けえむたいすきけえむくん/ゲーム大好き!げーむくん,みすなか/みずなが柳壱,－,1999.11,2000.03,－
314,ほけつともんすたあきんきんこおるてんほおいす/ポケットモンスター金・銀 ゴールデン・ボーイズ,さいとう むねお/斉藤むねお,－,1999.11,2001.09,－
315,とんてもあとへんちやあすはいろくん/とんでもアドベンチャー スパイロくん,はるかせ さんた/春風邪三太,－,2000.03,2000.05,－
316,けつとさこおるふおおういふおおあらし/GET THE GOAL!! 4V4嵐,こした てつひろ/こしたてつひろ,－,2000.03,2001.12,－
317,たたかえちきゆうほおええたいまつく/たたかえ!地球ぼーえー隊MAC,うおりやあ おおはし/うおりゃー大橋,－,2000.05,2002.04,－
318,そくそくひいろおす/ぞくぞくヒーローズ,かしもと まなう/樫本学ヴ,－,2000.06,2000.12,－
319,おんそくはすたあたんかんたん/音速バスター DANGUN弾,てしろき たかし/てしろぎたかし,－,2000.06,2004.02,－
320,とかほんみれにあむくえすと/ドカポン ミレニアムクエスト,ほり/堀美一,－,2000.08,2000.09,－
321,なかむらしゆんすけあおきふあんたしすた/中村俊輔 ～青きファンタジスタ～,かつらた けんし/桂田健治,もとかわ えつこ/元川悦子,2000.09,2000.10,－
322,あつはれめかはかほおいす/あっぱれメガバカBoys,のむら しんほ/のむらしんぼ,－,2000.09,2002.08,－
323,とらへえすとらえもんすうはあへえすほおるかいてん/ドラベース ドラえもん超野球外伝,むきわら しんたろう/むぎわらしんたろう,－,2000.09,2011.10,－
324,まつするきんく/マッスルキング,おおうち すいくん/大内水軍,－,2000.11,2001.01,－
325,とらえもんのひたとつはさのゆうしやたち/ドラえもん のび太と翼の勇者たち,ふしこふろ/藤子プロ,－,2001.02,2001.03,－
326,ろつくまんえくせ/ロックマンエグゼ,たかみさき りよう/鷹岬諒,－,2001.02,2006.09,－
327,とひきりふらさああにまん/とびきりブラザー アニマン,ひしおか まこと/ひじおか誠,－,2001.04,2001.09,－
328,ころつけ/コロッケ!,かしもと まなう/樫本学ヴ,－,2001.04,2006.11,－
329,はくてんひいろおふれえたあていいしえい/爆転HERO ブレーダーDJ,おおせ よしお/おおせよしお,－,2001.06,2003.11,－
330,おはつすとうしようてつけんかくちやん/おはっス道場 鉄拳!角ちゃん,いいた きよし/飯田清,－,2001.07,2002.08,－
331,きんにくはんつけかいてんかいけつこんこうくん/筋肉番付外伝 怪傑!金剛くん,おおうち すいくん/大内水軍,ひくち うしお/樋口潮 （原案・監修）,2001.08,2002.09,『別冊コロコロコミック』から移動
332,せつたいせつめいてんちやらすしいさん/絶体絶命でんぢゃらすじーさん,そやか かすとし/曽山一寿,－,2001.10,2010.03,－
333,はくしやおうすなつふきつす/爆写王!スナップキッズ,ひしおか まこと/ひじおか誠,－,2001.12,2002.11,－
334,そいとふらねつとすいい/ZOIDS惑星Zi,しおさき ゆうし/塩崎雄二,－,2001.12,2003.07,－
335,とらえもんのひたとろほつときんくたむ/ドラえもん のび太とロボット王国,ふしこふろ/藤子プロ,－,2002.02,2002.03,－
336,まほうきつすないしよのくるみら/魔法キッズ ないしょのクルミラ!,たまい たけし/玉井たけし,－,2002.02,2002.11,－
337,ひてまるささつかあほおい/ひでまる the soccer boy,みそふち まこと/溝渕誠,－,2002.04,2003.05,－
338,ひいれしえんとはとるひいたまん/B-伝説! バトルビーダマン,いぬき えいし/犬木栄治,－,2002.04,2005.11,－
339,ふしこえふふしおめいさくけきしようとらえもん/藤子・F・不二雄名作劇場 ドラえもん,ふしこ えふ ふしお/藤子・F・不二雄,－,2002.04,5000、ソート用連載中,『ドラえもん』の再録。
340,こおこおちきらあす/GO!GO!チキラーズ,おきの ひとし/おぎのひとし,－,2002.07,2002.09,－
341,はくれつせんしほんはあまんしえつたあす/爆烈戦士!!ボンバーマンジェッターズ,まつはら ともふみ/まつばらともふみ,－,2002.10,2003.03,－
342,とつしふあいたあいちけき/ドッジファイター一撃!,こした てつひろ/こしたてつひろ,－,2002.12,2003.02,－
343,さるけつちゆうきうきちやんねる/サルゲッチュ うきうきCHANNLE,ことう ひてき/後藤英貴,－,2002.12,2003.04,－
344,とらえもんのひたとふしきかせつかい/ドラえもん のび太とふしぎ風使い,ふしこふろ/藤子プロ,－,2003.02,2003.03,－
345,それいけほんはあまんしえつたあす/それいけ!!ボンバーマンジェッターズ,たまい たけし/玉井たけし,－,2003.04,2003.11,－
346,もりもりつはんちよおきよはらくん/モリモリッ!ばんちょー!!キヨハラくん,かわい しゆんし/河合じゅんじ,－,2003.04,2005.12,－
347,てゆえるしやつく/DUEL JACK,いはら しけかつ/伊原しげかつ,－,2003.04,2006.08,－
348,けきしようはんほけつともんすたああとはんすしえねれえしよんななよのねかいほししらあち/劇場版ポケットモンスター アドバンスジェネレーション 七夜の願い星 ジラーチ,おおうち すいくん/大内水軍,－,2003.05,2003.07,－
349,こんしきのかつしゆへる/金色のガッシュベル!!,やたか すすお/矢高鈴央,－,2003.05,2006.04,－
350,はひふへほふほふさつふくん/バビブベボブボブ!!さっぷくん,しけおか ひてみつ/重岡秀満,－,2003.07,2006.04,－
351,てつこんそいとこあはとる/鉄魂!!ZOIDS核闘技,みそふち まこと/溝渕誠,－,2003.08,2005.01,－
352,たいようしようねんしやんこ/太陽少年ジャンゴ,ひしおか まこと/ひじおか誠,こしま ひてお/小島秀夫,2003.09,2007.07,－
353,ほけもんころしあむすなつちやあれお/ポケモンコロシアムスナッチャー・レオ,おおうち すいくん/大内水軍,－,2003.11,2004.02,－
354,とらえもんのひたのわんにやんしくうてん/ドラえもん のび太のワンニャン時空伝,ふしこふろ/藤子プロ,－,2004.02,2004.03,－
355,かつとひれえさあたんかんうるふ/かっとびレーサー!ダンガン狼,こした てつひろ/こしたてつひろ,－,2004.04,2005.10,－
356,けきしようはんほけつともんすたああとはんすしえねれえしよんれつくうのほうもんしやておきしす/劇場版ポケットモンスター アドバンスジェネレーション 裂空の訪問者 デオキシス,てしろき たかし たしり さとし/てしろぎたかし 田尻智,－,2004.05,2004.07,－
357,のつてけやろうあむとらいはあしえなすけきとうてん/のってけ!野郎 アムドライバー ジェナス激闘伝,こにし のりゆき/小西紀行,－,2004.06,2005.02,－
358,けしかすくん/ケシカスくん,むらせ のりゆき/村瀬範行,－,2004.06,5000、ソート用連載中,－
359,はくふうすらつしゆきすな/爆封スラッシュ!キズナ,あおき たかお/青木たかお,－,2004.11,2005.09,－
360,みらくるほおる/ミラクルボール,なかとし やすなり/ながとしやすなり,－,2004.12,2009.03,－
361,こうちゆうおうしやむしきんくさつくのほうけんへん/甲虫王者ムシキング〜ザックの冒険編〜,おおせ よしお/おおせよしお,－,2005.02,2006.10,『別冊コロコロコミック』から移動
362,てゆえるますたあすふあいていんくえつし/デュエル・マスターズFE,まつもと しけのふ/松本しげのぶ,－,2005.04,2008.06,－
363,みかくにんきやくせいめいたいたまこつち/未確認ギャグ生命体 たまごっち!,たちかわ ふみひと/立川史,－,2005.05,2006.03,－
364,けきしようはんほけつともんすたああとはんすしえねれえしよんみゆうとはとうのゆうしやるかりお/劇場版ポケットモンスター アドバンスジェネレーション ミュウと波導の勇者 ルカリオ,いはら しけかつ/伊原しげかつ,－,2005.06,2005.07,－
365,ますかれえと/マスカレード,いたかき まさや/板垣雅也,－,2005.10,2006.08,－
366,すいりのほしくん/推理の星くん,せいの なな/せいの奈々,たつかみ さちこ/立神サチ子,2005.12,2008.09,－
367,はくきゆうひつとくらつしゆひいたまん/爆球Hit! クラッシュビーダマン,くらたに ともや/倉谷友也,－,2006.01,2007.03,－
368,さいゆうきひいろおこくうてん/西遊記ヒーローGo空伝!,こにし のりゆき/小西紀行,－,2006.01,2008.05,－
369,とらえもんのひたのきようりゆう2006ていいえす/ドラえもん のび太の恐竜2006 DS,ふしこふろ/藤子プロ,－,2006.02,2006.03,－
370,ふとうてんこくあふろたんさあす/舞闘天国アフロダンサーズ,かわの たくみ/川野匠,－,2006.02,2007.04,－
371,もりつていいかも/森っていいかも!,たちかわ ふみひと/立川史,－,2006.05,2006.06,－
372,けきしようはんほけつともんすたああとはんすしえねれえしよんほけもんれんしやあとそうかいのおうしまなふい/劇場版ポケットモンスター アドバンスジェネレーション ポケモンレンジャーと蒼海の王子 マナフィ,みそふち まこと/溝渕誠,－,2006.05,2006.07,－
373,おいてよとうふつのもりへつはあむらのなつつ/おいでよ どうぶつの森 〜ペッパー村のナッツ!〜,やたか すすお/矢高鈴央,－,2006.07,2007.02,－
374,へんきんのもんたい/ペンギンの問題,なかい ゆうし/永井ゆうじ,－,2006.08,2013.01,－
375,とれしやあかうすとししようさいきようのはんたあこんひ/トレジャーガウスト 史上最強のハンターコンビ!!,かつみ なおと/勝見直人,－,2006.09,2008.09,－
376,てゆえるますたあすちようしゆうはかせとくたあめてお/DM超獣博士DM,おきつね ちひろ/御狐ちひろ,－,2006.10,2008.04,－
377,ほけつともんすたあたいやもんとはあるものかたりほけもんDP/ポケットモンスターダイヤモンド・パール物語 ポケモンDP,いはら しけかつ/伊原しげかつ,－,2006.10,2009.09,－
378,りゆうせいのろつくまん/流星のロックマン,いたかき まさや/板垣雅也,－,2006.11,2007.12,－
379,ほしのかあひいもおれつふふふあわあ/星のカービィ! も〜れつプププアワー!,たにくち あさみ/谷口あさみ,－,2006.12,2016.10,－
380,とらえもんのひたのしんまかいたいほうけんしちにんのまほうつかい/ドラえもん のび太の新魔界大冒険 〜7人の魔法使い〜,ふしこふろ/藤子プロ,－,2007.01,2007.03,－
381,ほくはかりれお/ぼくはガリレオ,かしもと まなう/樫本学ヴ,－,2007.01,2010.09,－
382,うすましん/ウズマジン,おおせ よしお/おおせよしお,－,2007.03,2008.08,－
383,けきしようはんほけつともんすたあたいやもんとあんとはあるていあるかたいはるきあたいたあくらい/劇場版ポケットモンスター ダイヤモンド&パール ディアルガVSパルキアVSダークライ,たかみさき りよう/鷹岬諒,－,2007.04,2007.07,－
384,ういいつすりもこんくん/Wii〜っす!!リモコンくん,やたか すすお/矢高鈴央,－,2007.04,2007.10,－
385,とらえもんのひたとみとりのきよしんてん/ドラえもん のび太と緑の巨人伝,ふしこふろ/藤子プロ,－,2008.02,2008.03,－
386,とらいふりゆうせいのろつくまんふとうかいてん/TRIBE 流星のロックマン 武闘外伝,いたかき まさや/板垣雅也,－,2008.02,2008.07,－
387,やつたあまんかいてんほけほけほやつきい/ヤッターマン外伝 ボケボケボヤッキー,よろすや ふしみのすけ/萬屋不死身之介,－,2008.02,2010.02,『別冊コロコロコミック』に移動
388,けきしようはんほけつともんすたあたいやもんとあんとはあるきらていなとそらのはなたはしえいみ/劇場版ポケットモンスター ダイヤモンド&パール ギラティナと氷空の花束 シェイミ,ひしおか まこと/ひじおか誠,－,2008.05,2008.07,－
389,とこんしようしようかくせいほんひいた/ド根性小学生ボン・ビー太,こかえる/小ガエル,－,2008.05,2013.11,－
390,いなすまいれふん/イナズマイレブン,やふの てんや/やぶのてんや,－,2008.06,2011.10,－
391,こここさいゆうきしんこくうてん/ゴゴゴ西遊記 新悟空伝,こにし のりゆき/小西紀行,－,2008.06,2012.04,－
392,てゆえるますたあすすたあくろす/デュエル・マスターズSX,まつもと しけのふ/松本しげのぶ,－,2008.07,2011.03,－
393,かいとうしよおかあ/怪盗ジョーカー,たかはし ひてやす/たかはしひでやす,－,2008.09,5000、ソート用連載中,『別冊コロコロコミック』から移動
394,めたるふあいとへいふれえと/メタルファイト ベイブレード,あたち たかふみ/足立たかふみ,－,2008.10,2012.03,－
395,りゆうせいのろつくまん3/流星のロックマン3,たかみさき りよう/鷹岬諒,－,2008.12,2009.01,－
396,すたんとあつふ/STAND UP!,いたかき まさや/板垣雅也,－,2009.02,2010.04,－
397,とらえもんしんのひたのうちゆうかいたくし/ドラえもん 新・のび太の宇宙開拓史,ふしこふろ/藤子プロ,－,2009.03,2009.04,－
398,とととととつし/ドドドドドッジ!,かつみ なおと/勝見直人,－,2009.05,2010.02,－
399,けきしようはんほけつともんすたあたいやもんとあんとはあるあるせうすちようこくのしくうへ/劇場版ポケットモンスター ダイヤモンド&パール アルセウス 超克の時空へ,みそふち まこと/溝渕誠,－,2009.06,2009.07,－
400,ほけつともんすたあはあとこおるとそうるしるはあしようのたいほうけん/ポケットモンスターHG・SS ジョウの大冒険,まつしま りゆう/松島リュウ,－,2009.10,2010.02,－
401,とらえもんのひたのにんきよたいかいせん/ドラえもん のび太の人魚大海戦,ふしこふろ/藤子プロ,－,2010.02,2010.03,－
402,ころろ/ゴロロ,なかとし やすなり/ながとしやすなり,－,2010.03,2012.07,－
403,ましはんく/マジパング,てしろき たかし/てしろぎたかし,－,2010.04,2010.08,－
404,てんちやらすしいさんしや/でんぢゃらすじーさん邪,そやま かすとし/曽山一寿,－,2010.04,2017.03,－
405,けきしようはんほけつともんすたあたいやもんとあんとはあるけんえいのはしやそろああく/劇場版ポケットモンスター ダイヤモンド&パール 幻影の覇者 ゾロアーク,いのうえ ももた/井上桃太,－,2010.05,2010.07,－
406,ちようかつこうてんかつと/超ガッコウ伝 ガット!!,いはら しけかつ/伊原しげかつ,－,2010.05,2011.02,－
407,ちやれんししてみろまん/チャレンジして! ミロマン,たけうち いふき/武内いぶき,－,2010.05,2011.01,－
408,はくてくはくかん/爆TECH!爆丸,しんこ/槙吾,－,2010.09,2014.02,－
409,きめるのよおよお/キメルのYOYO!,かしもと まなう/樫本学ヴ,－,2010.10,2012.03,－
410,たんほおるせんき/ダンボール戦機,ふしい ひてあき/藤異秀明,－,2011.02,2012.01,－
411,てゆえるますたあすひくとりい/デュエル・マスターズ ビクトリー,まつもと しけのふ/松本しげのぶ,－,2011.04,2014.03,－
412,けきしようはんほけつともんすたあへすとういつしゆひくていにとくろきえいゆうせくろむ/劇場版ポケットモンスター ベストウイッシュ ビクティニと黒き英雄 ゼクロム,いのうえ ももた/井上桃太,－,2011.05,2011.07,－
413,ちようひのうりよくせんたいしゆわつつ/超!!微能力戦隊シュワッツ,おかた ゆういち/緒方雄一,－,2011.09,2012.02,－
414,きとうせんしかんたむえいしとれしやあすたあ/機動戦士ガンダムAGE トレジャースター,よした まさのり/吉田正紀,－,2011.10,2012.06,－
415,いなすまいれふんこお/イナズマイレブンGO,やふの てんや/やぶのてんや,－,2011.11,2014.04,－
416,とらえもんのひたときせきのしまあにまるあとへんちやあ/ドラえもん のび太と奇跡の島 〜アニマル アドベンチャー〜,ふしこふろ/藤子プロ,－,2011.11,2012.04,－
417,たんほおるせんきW/ダンボール戦機W,ふしい ひてあき/藤異秀明,－,2012.02,2013.03,－
418,めたるふあいとへいふれえとせろしい/メタルファイト ベイブレード ZEROG,あたち たかふみ/足立たかふみ,－,2012.04,2012.12,－
419,ふつとひすひなあきめる/ぶっとびスピナー キメル!!,かしもと まなう/樫本学ヴ,－,2012.04,2013.06,－
420,もんすたあれつてんおれかはとる/モンスター烈伝 オレカバトル,やまうら さとし/山浦聡,－,2012.05,2015.03,『別冊コロコロコミック』から移動
421,けきしようはんほけつともんすたあへすとういつしゆきゆれむたいせいけんしけるていお/劇場版ポケットモンスター ベストウイッシュ キュレムVS聖剣士 ケルディオ,いのうえ ももた/井上桃太,－,2012.06,2012.07,－
422,ほけつともんすたあふらつく2ほわいと2あらたなるてんせつ/ポケットモンスターB2・W2 新たなる伝説,かんた さとし/神田達志,－,2012.07,2012.10,－
423,きとうせんしかんたむえいしくらいまつくすひいろお/機動戦士ガンダムAGE 〜クライマックスヒーロー〜,たかみさき りよう/鷹岬諒,－,2012.07,2012.11,－
424,とことんふためん/トコとん!ブタメン,つちた しんのすけ/土田しんのすけ,－,2012.08,2013.01,－
425,しんとらへえす/新ドラベース,むきわら しんたろう/むぎわらしんたろう,－,2012.08,2014.10,－
426,うそつきこくおおくん/ウソツキ!ゴクオーくん,よしもと まこと/吉もと誠,－,2012.09,5000、ソート用連載中,『別冊コロコロコミック』から移動
427,えいかきねんこらほまんかいなたんよろすやきやくけきしよう/映画記念コラボまんが イナ×ダン萬屋GAG劇場,よろすや ふしみのすけ/萬屋不死身之介,－,2012.11,2013.01,－
428,まきましかるきやくかくえん/マギ まじかるギャグ学園,かわもと けもん/河本けもん,おおたか しのふ/大高忍,2012.11,2013.01,－
429,そそそそんひいくん/ゾゾゾ ゾンビ〜くん,なかとし やすなり/ながとしやすなり,－,2012.12,5000、ソート用連載中,－
430,ようかいうおつち/妖怪ウォッチ,こにし のりゆき/小西紀行,－,2013.01,5000、ソート用連載中,－
431,とらえもんのひたのひみつとうくみゆうしあむ/ドラえもん のび太のひみつ道具博物館,ふしこふろ/藤子プロ,－,2013.02,2013.04,－
432,へんきんのもんたいふらす/ペンギンの問題+,なかい ゆうし/永井ゆうじ,－,2013.02,2014.11,－
433,たんほおるせんきうおおす/ダンボール戦機ウォーズ,ふしい ひてあき/藤異秀明,－,2013.04,2013.11,－
434,けきしようはんほけつともんすたあへすとういつしゆしんそくのけのせくとみゆうつうかくせい/劇場版ポケットモンスター ベストウイッシュ 神速のゲノセクト ミュウツー覚醒,いのうえ ももた/井上桃太,－,2013.05,2013.07,－
435,たんちともおよんこまこうえん/団地ともお 4コマ公園,まえたくん/まえだくん,おた とひら/小田扉,2013.09,2014.02,－
436,とひたせとうふつのもり/とびだせ どうぶつの森,こおへえ/コーヘー,－,2013.09,2013.10,『別冊コロコロコミック』に移動
437,ふにゆふにゆゆうしやみやめみやめ/ぷにゅぷにゅ勇者 ミャメミャメ,かしもと まなう/かしもとまなヴ,－,2013.10,2015.10,－
438,かんたむひるとふあいたあすふらもたいはあきつとあんとひると/ガンダムビルドファイターズ プラモダイバー キット&ビルト,かわもと けもん/河本けもん,－,2013.11,2014.04,－
439,ほけつともんすたあえつくすわいほけもんりゆうおうてん/ポケットモンスターX・Y ポケモン竜王伝,いしい たかし/石井敬士,－,2013.11,2014.03,－
440,ひいろおはんく/ヒーローバンク,いはら しけかつ/伊原しげかつ,－,2013.11,2015.04,－
441,はすとらせつと/パズドラZ,いのうえ ももた/井上桃太,－,2013.12,2015.07,－
442,ふゆうちやあかあとはていふあいと/フューチャーカード バディファイト,たむら みつひさ/田村光久,－,2013.12,5000、ソート用連載中,－
443,かせきほりたあむけんきあ/カセキホリダー ムゲンギア,たかえた けいすい/高枝景水,－,2014.01,2014.10,－
444,ひやつはあたよふなつしい/ヒャッハーだよ♪ ふなっしー,まえたくん/まえだくん,－,2014.03,2016.03,『ちゃお』に移動
445,てゆえるますたあすはあさす/デュエル・マスターズ VS,まつもと しけのふ/松本しげのぶ,－,2014.04,2017.02,－
446,ほけもんさむうひいえつくすわいはかいのまゆとていあんしい/ポケモン・ザ・ムービー XY 破壊の繭とディアンシー,きたむら けんし/北村謙次,－,2014.05,2014.07,－
447,おれかはとるおれかもんすたあすほうけんれつてんきようおうのしんしつへん/オレカバトル オレカモンスターズ冒険烈伝 〜狂王の真実編〜,てみす ほすか/出水ぽすか,－,2014.06,2014.07,－
448,えいかようかいうおつちたんしようのひみつたにやん/映画妖怪ウォッチ 誕生の秘密だニャン!,こにし のりゆき/小西紀行,－,2014.10,2015.01,－
449,ひやくはあせんとはすかるせんせい/100%パスカル先生,なかい ゆうし/永井ゆうじ,－,2015.02,5000、ソート用連載中,－
450,まおうたせつおれかはとる/魔王だゼッ!! オレカバトル,てみす ほすか/出水ぽすか,－,2015.04,2015.12,－
451,ようかいうおつちはすたあす/妖怪ウォッチバスターズ,おおは あつし/おおばあつし,－,2015.06,2015.09,－
452,しんこうちゆうおうしやむしきんく/新甲虫王者ムシキング,いしい しゆんのすけ/石井じゅんのすけ,－,2015.08,2015.09,－
453,へいふれえとはあすと/ベイブレードバースト,もりた ひろ/森多ヒロ,－,2015.08,5000、ソート用連載中,－
454,やきゆうのほしめつとまん/野球の星 メットマン,むきわら しんたろう/むぎわらしんたろう,－,2015.09,5000、ソート用連載中,－
455,かんはかんはとなかまたち/GAMBA ガンバと仲間たち,せと かすよし/瀬戸カズヨシ,－,2015.10,2015.11,－
456,えいかようかいうおつちえんまたいおうといつつのものかたりたにやん/映画妖怪ウォッチ エンマ大王と5つの物語だニャン!,こにし のりゆき/小西紀行,－,2015.10,2016.01,－
457,けきれえさあそうたろう/激レーサー 走太郎,おおは あつし/おおばあつし,－,2016.01,2017.02,－
458,ましてましめくん/マジで!!まじめくん!,つちた しんのすけ/土田しんのすけ,－,2016.03,5000、ソート用連載中,『別冊コロコロコミック』から移動
459,しゆりけんとんま/手裏拳トンマ,かしもと まなう/樫本学ヴ,－,2016.04,5000、ソート用連載中,－
460,はすとらくろす/パズドラクロス,いのうえ ももた/井上桃太,－,2016.05,5000、ソート用連載中,－
461,へほつと/ヘボット!,こかえる/小ガエル,－,2016.09,2017.06,－
462,えいかようかいうおつちそらとふくしらとたふるせかいのたいほうけんたにやん/映画妖怪ウォッチ 空飛ぶクジラとダブル世界の大冒険だニャン!,こにし のりゆき/小西紀行,－,2016.10,2017.01,－
463,ほけつともんすたあほらいすん/ポケットモンスター ホライズン,やふの てんや/やぶのてんや,－,2016.10,5000、ソート用連載中,－
464,ほしのかあひいまんふくふふふふあんたしい/星のカービィ 〜まんぷくプププファンタジー〜,たけうち いふき/武内いぶき,－,2016.11,5000、ソート用連載中,－
465,すなつくわあると/スナックワールド,よろすや ふしみのすけ/萬屋不死身之介,－,2017.01,5000、ソート用連載中,－
466,てゆえるますたあすはあさす/デュエル・マスターズ (2017年版),まつもと しけのふ/松本しげのぶ,－,2017.03,5000、ソート用連載中,－
467,なんとてんちやらすしいさん/なんと!でんぢゃらすじーさん,そやま かすとし/曽山一寿,－,2017.04,5000、ソート用連載中,－
468,すふらとううん/スプラトゥーン,ひのてや さんきち/ひのでや参吉,－,2017.06,5000、ソート用連載中,『別冊コロコロコミック』から移動
